axis,axis_label,distance_px,region,S,structure_corr,S_measurable,structure_corr_measurable,noise_level,sample_count_structure,noise_source,noise_corr,N,Q,sample_count_noise
z,t,1,all,0.9997197607297637,0.9997197607297637,0.9886318885083375,0.9886318885083375,F1,500000,gt,0.0006069674517504264,0.9993930325482496,0.999112963374129,500000
z,t,1,all,0.9997197607297637,0.9997197607297637,0.9886318885083375,0.9886318885083375,F1,500000,proxy,-0.06549047395557915,0.9345095260444208,0.9342476397768132,500000
z,t,1,foreground,0.9994384561913594,0.9994384561913594,0.9893734737138133,0.9893734737138133,F1,500000,gt,0.002658818806419375,0.9973411811935806,0.9967811304281791,500000
z,t,1,foreground,0.9994384561913594,0.9994384561913594,0.9893734737138133,0.9893734737138133,F1,500000,proxy,-0.01892114296622096,0.9810788570337791,0.9805279382758235,500000
z,t,1,background,0.9999534256066762,0.9999534256066762,0.9678062751835371,0.9678062751835371,F1,500000,gt,-0.0006056101486808807,0.9993943898513191,0.9993478436639206,500000
z,t,1,background,0.9999534256066762,0.9999534256066762,0.9678062751835371,0.9678062751835371,F1,500000,proxy,-0.09157479113412262,0.9084252088658774,0.9083828995128944,500000
z,t,2,all,0.9991813782479194,0.9991813782479194,0.9748978608622262,0.9748978608622262,F1,500000,gt,0.0017840990557213457,0.9982159009442787,0.997398739694493,500000
z,t,2,all,0.9991813782479194,0.9991813782479194,0.9748978608622262,0.9748978608622262,F1,500000,proxy,0.03535194401401388,0.9646480559859861,0.9638583741042538,500000
z,t,2,foreground,0.9979200170193072,0.9979200170193072,0.9760381637942978,0.9760381637942978,F1,500000,gt,0.0014207083263588262,0.9985792916736411,0.9965022637420877,500000
z,t,2,foreground,0.9979200170193072,0.9979200170193072,0.9760381637942978,0.9760381637942978,F1,500000,proxy,0.07903030602681742,0.9209696939731826,0.9190540926839845,500000
z,t,2,background,0.999816840948038,0.999816840948038,0.9224448797301004,0.9224448797301004,F1,500000,gt,0.0004622786014913844,0.9995377213985086,0.999354647017057,500000
z,t,2,background,0.999816840948038,0.999816840948038,0.9224448797301004,0.9224448797301004,F1,500000,proxy,0.010608178178133391,0.9893918218218666,0.9892106057537627,500000
z,t,3,all,0.9979183158450848,0.9979183158450848,0.9638197602690102,0.9638197602690102,F1,500000,gt,0.0008645542674630896,0.9991354457325369,0.9970555613065414,500000
z,t,3,all,0.9979183158450848,0.9979183158450848,0.9638197602690102,0.9638197602690102,F1,500000,proxy,0.03429546550888866,0.9657045344911114,0.9636942426633315,500000
z,t,3,foreground,0.9948008349361707,0.9948008349361707,0.9677203724701657,0.9677203724701657,F1,500000,gt,0.0005517953386616144,0.9994482046613384,0.9942519084725563,500000
z,t,3,foreground,0.9948008349361707,0.9948008349361707,0.9677203724701657,0.9677203724701657,F1,500000,proxy,0.0797798498478964,0.9202201501521036,0.915435773696401,500000
z,t,3,background,0.9995995163811743,0.9995995163811743,0.904564269060068,0.904564269060068,F1,500000,gt,0.001486615978094201,0.9985133840219058,0.9981134957684268,500000
z,t,3,background,0.9995995163811743,0.9995995163811743,0.904564269060068,0.904564269060068,F1,500000,proxy,0.015557870572970877,0.9844421294270291,0.9840478764805117,500000
z,t,4,all,0.9971034421960644,0.9971034421960644,0.9605001456026516,0.9605001456026516,F1,500000,gt,0.0022466887521880876,0.9977533112478119,0.9948632611077144,500000
z,t,4,all,0.9971034421960644,0.9971034421960644,0.9605001456026516,0.9605001456026516,F1,500000,proxy,0.03615833716109608,0.9638416628389039,0.9610498397486497,500000
z,t,4,foreground,0.9885210827129094,0.9885210827129094,0.9616351546329738,0.9616351546329738,F1,500000,gt,-0.0008880776983582476,0.9991119223016417,0.9876431991849951,500000
z,t,4,foreground,0.9885210827129094,0.9885210827129094,0.9616351546329738,0.9616351546329738,F1,500000,proxy,0.07622662428369682,0.9237733757163031,0.9131694575444392,500000
z,t,4,background,0.9994600582561595,0.9994600582561595,0.9015770200772497,0.9015770200772497,F1,500000,gt,-0.00011667355548473731,0.9998833264445153,0.9993434476975978,500000
z,t,4,background,0.9994600582561595,0.9994600582561595,0.9015770200772497,0.9015770200772497,F1,500000,proxy,0.014361656003820208,0.9856383439961798,0.9851061567099264,500000
z,t,5,all,0.9922019874008189,0.9922019874008189,0.9609543300899154,0.9609543300899154,F1,500000,gt,-0.0024340084828525376,0.9975659915171474,0.9897869593467821,500000
z,t,5,all,0.9922019874008189,0.9922019874008189,0.9609543300899154,0.9609543300899154,F1,500000,proxy,0.036201579110044145,0.9637984208899558,0.9562827086607851,500000
z,t,5,foreground,0.9868074046264925,0.9868074046264925,0.9527631560121769,0.9527631560121769,F1,500000,gt,-0.0011288593046674161,0.9988711406953326,0.9856934379058652,500000
z,t,5,foreground,0.9868074046264925,0.9868074046264925,0.9527631560121769,0.9527631560121769,F1,500000,proxy,0.08009479576038665,0.9199052042396133,0.9077692670980964,500000
z,t,5,background,0.9991691236910453,0.9991691236910453,0.9012336553265266,0.9012336553265266,F1,500000,gt,0.001496183568126938,0.998503816431873,0.9976741832663989,500000
z,t,5,background,0.9991691236910453,0.9991691236910453,0.9012336553265266,0.9012336553265266,F1,500000,proxy,0.014342810405519347,0.9856571895944807,0.9848382303868958,500000
z,t,6,all,0.9936495596844773,0.9936495596844773,0.9568933578317951,0.9568933578317951,F1,500000,gt,-0.00047574922362709484,0.9995242507763729,0.9931768316778999,500000
z,t,6,all,0.9936495596844773,0.9936495596844773,0.9568933578317951,0.9568933578317951,F1,500000,proxy,0.034043869268492295,0.9659561307315077,0.959821883975884,500000
z,t,6,foreground,0.9806958593547453,0.9806958593547453,0.9581826380666939,0.9581826380666939,F1,500000,gt,0.0012083892777686727,0.9987916107222313,0.9795107969935489,500000
z,t,6,foreground,0.9806958593547453,0.9806958593547453,0.9581826380666939,0.9581826380666939,F1,500000,proxy,0.07950826866051683,0.9204917313394831,0.9027224294949118,500000
z,t,6,background,0.9988974298482767,0.9988974298482767,0.901316535504221,0.901316535504221,F1,500000,gt,-0.0009026259404743344,0.9990973740595257,0.9979957991162225,500000
z,t,6,background,0.9988974298482767,0.9988974298482767,0.901316535504221,0.901316535504221,F1,500000,proxy,0.015566168671439264,0.9844338313285608,0.9833484239697913,500000
z,t,7,all,0.9906035770850541,0.9906035770850541,0.9558626112808315,0.9558626112808315,F1,500000,gt,0.0009201596652182773,0.9990798403347817,0.9896920636291995,500000
z,t,7,all,0.9906035770850541,0.9906035770850541,0.9558626112808315,0.9558626112808315,F1,500000,proxy,0.039161363681747954,0.9608386363182521,0.9518101901383859,500000
z,t,7,foreground,0.9638597621280826,0.9638597621280826,0.9476541231377708,0.9476541231377708,F1,500000,gt,0.004142274710860644,0.9958577252891394,0.9598671902106033,500000
z,t,7,foreground,0.9638597621280826,0.9638597621280826,0.9476541231377708,0.9476541231377708,F1,500000,proxy,0.07882437142893528,0.9211756285710647,0.8878841222326934,500000
z,t,7,background,0.9985866127821741,0.9985866127821741,0.8999446885394824,0.8999446885394824,F1,500000,gt,-0.0011125961609586542,0.9988874038390414,0.997475589150408,500000
z,t,7,background,0.9985866127821741,0.9985866127821741,0.8999446885394824,0.8999446885394824,F1,500000,proxy,0.01118531669319639,0.9888146833068037,0.9874171052726193,500000
z,t,8,all,0.985407938367182,0.985407938367182,0.949617669337619,0.949617669337619,F1,500000,gt,-0.0007177810413255667,0.9992822189586744,0.9847006312310503,500000
z,t,8,all,0.985407938367182,0.985407938367182,0.949617669337619,0.949617669337619,F1,500000,proxy,0.035452780877773794,0.9645472191222262,0.9504724866530314,500000
z,t,8,foreground,0.9724901160610384,0.9724901160610384,0.9362717754832224,0.9362717754832224,F1,500000,gt,-0.0009733135150373529,0.9990266864849626,0.9715435782878359,500000
z,t,8,foreground,0.9724901160610384,0.9724901160610384,0.9362717754832224,0.9362717754832224,F1,500000,proxy,0.07548317551159403,0.924516824488406,0.8990834739471126,500000
z,t,8,background,0.9979800911096696,0.9979800911096696,0.9001111039282435,0.9001111039282435,F1,500000,gt,-0.0012170365398671747,0.9987829634601328,0.9967655128727292,500000
z,t,8,background,0.9979800911096696,0.9979800911096696,0.9001111039282435,0.9001111039282435,F1,500000,proxy,0.01371719885273368,0.9862828011472663,0.9842905997488489,500000
y,y,1,all,0.9739615659646189,0.9739615659646189,0.9648119647196471,0.9648119647196471,F1,500000,gt,-0.0018124928929011625,0.9981875071070988,0.9721962675483491,500000
y,y,1,all,0.9739615659646189,0.9739615659646189,0.9648119647196471,0.9648119647196471,F1,500000,proxy,-0.08317438323025984,0.9168256167697402,0.8929529134255337,500000
y,y,1,foreground,0.9465203970830615,0.9465203970830615,0.9381969912910841,0.9381969912910841,F1,500000,gt,-0.001473442641405314,0.9985265573585946,0.9451257535690394,500000
y,y,1,foreground,0.9465203970830615,0.9465203970830615,0.9381969912910841,0.9381969912910841,F1,500000,proxy,-0.061729524615680875,0.9382704753843192,0.8880921429320786,500000
y,y,1,background,0.9733988047135994,0.9733988047135994,0.9432312191702783,0.9432312191702783,F1,500000,gt,-0.0020096346460710558,0.9979903653539289,0.9714426287512028,500000
y,y,1,background,0.9733988047135994,0.9733988047135994,0.9432312191702783,0.9432312191702783,F1,500000,proxy,-0.10064877978903704,0.8993512202109629,0.8754274027710685,500000
y,y,2,all,0.8974980974911873,0.8974980974911873,0.8757967471322214,0.8757967471322214,F1,500000,gt,-0.0014344872780018936,0.9985655127219981,0.8962106478883053,500000
y,y,2,all,0.8974980974911873,0.8974980974911873,0.8757967471322214,0.8757967471322214,F1,500000,proxy,-0.002602680620476642,0.9973973193795234,0.8951621965859323,500000
y,y,2,foreground,0.8235998556132387,0.8235998556132387,0.8000355018311052,0.8000355018311052,F1,500000,gt,-0.0018321604974173243,0.9981678395025827,0.8220908884921055,500000
y,y,2,foreground,0.8235998556132387,0.8235998556132387,0.8000355018311052,0.8000355018311052,F1,500000,proxy,-0.005546934584294993,0.994453065415705,0.8190314010905172,500000
y,y,2,background,0.9142417485226789,0.9142417485226789,0.8434115316673771,0.8434115316673771,F1,500000,gt,0.001620143779622917,0.9983798562203771,0.9127605454407383,500000
y,y,2,background,0.9142417485226789,0.9142417485226789,0.8434115316673771,0.8434115316673771,F1,500000,proxy,0.00013523366425246234,0.9998647663357475,0.9141181122610136,500000
y,y,3,all,0.8287797953511248,0.8287797953511248,0.7941363122815811,0.7941363122815811,F1,500000,gt,-0.00015921085642600424,0.999840789143574,0.8286478446101183,500000
y,y,3,all,0.8287797953511248,0.8287797953511248,0.7941363122815811,0.7941363122815811,F1,500000,proxy,0.0004183224893712513,0.9995816775106288,0.8284330981239929,500000
y,y,3,foreground,0.6882461927846355,0.6882461927846355,0.6792068522276178,0.6792068522276178,F1,500000,gt,0.001756710988837765,0.9982432890111622,0.687037143134745,500000
y,y,3,foreground,0.6882461927846355,0.6882461927846355,0.6792068522276178,0.6792068522276178,F1,500000,proxy,0.00026230505586219974,0.9997376949441378,0.6880656623285901,500000
y,y,3,background,0.8523413164137231,0.8523413164137231,0.7684073554962286,0.7684073554962286,F1,500000,gt,0.0005766541386030112,0.999423345861397,0.8518498102661108,500000
y,y,3,background,0.8523413164137231,0.8523413164137231,0.7684073554962286,0.7684073554962286,F1,500000,proxy,0.0016852442182299031,0.9983147557817701,0.8509049131382784,500000
y,y,4,all,0.7729418750716452,0.7729418750716452,0.7289829732286749,0.7289829732286749,F1,500000,gt,-0.0012358395252118166,0.9987641604747882,0.7719866429517404,500000
y,y,4,all,0.7729418750716452,0.7729418750716452,0.7289829732286749,0.7289829732286749,F1,500000,proxy,0.0010412455698598656,0.9989587544301402,0.7721370527684678,500000
y,y,4,foreground,0.5809957599356486,0.5809957599356486,0.556077007758427,0.556077007758427,F1,500000,gt,0.0010898449145563516,0.9989101550854437,0.5803625646613039,500000
y,y,4,foreground,0.5809957599356486,0.5809957599356486,0.556077007758427,0.556077007758427,F1,500000,proxy,0.0026488616629088938,0.9973511383370911,0.5794567825408424,500000
y,y,4,background,0.7983189028267442,0.7983189028267442,0.717841745983598,0.717841745983598,F1,500000,gt,0.0007137173008406407,0.9992862826991593,0.7977491288142087,500000
y,y,4,background,0.7983189028267442,0.7983189028267442,0.717841745983598,0.717841745983598,F1,500000,proxy,-0.0022814404413676456,0.9977185595586323,0.796497585796727,500000
y,y,5,all,0.7005708996826068,0.7005708996826068,0.6453740474917697,0.6453740474917697,F1,500000,gt,0.000500505409166952,0.9994994945908331,0.7002202601578107,500000
y,y,5,all,0.7005708996826068,0.7005708996826068,0.6453740474917697,0.6453740474917697,F1,500000,proxy,0.00040491013006510086,0.999595089869935,0.7002872314284965,500000
y,y,5,foreground,0.4816840394792462,0.4816840394792462,0.4484052702801257,0.4484052702801257,F1,500000,gt,0.002142918807675098,0.9978570811923249,0.4806518296916892,500000
y,y,5,foreground,0.4816840394792462,0.4816840394792462,0.4484052702801257,0.4484052702801257,F1,500000,proxy,0.0010931879732833216,0.9989068120267167,0.481157468280365,500000
y,y,5,background,0.7550621005844604,0.7550621005844604,0.6805809254713076,0.6805809254713076,F1,500000,gt,-0.0017226029258809793,0.998277397074119,0.7537614284007718,500000
y,y,5,background,0.7550621005844604,0.7550621005844604,0.6805809254713076,0.6805809254713076,F1,500000,proxy,-0.00036613706655085624,0.9996338629334491,0.7547856443618887,500000
y,y,6,all,0.6359153858842748,0.6359153858842748,0.6121681824149157,0.6121681824149157,F1,500000,gt,0.0007217251275868129,0.9992782748724132,0.635456429771263,500000
y,y,6,all,0.6359153858842748,0.6359153858842748,0.6121681824149157,0.6121681824149157,F1,500000,proxy,-0.001029562106064475,0.9989704378939355,0.635260671500305,500000
y,y,6,foreground,0.39724253081396715,0.39724253081396715,0.37676727701902396,0.37676727701902396,F1,500000,gt,0.0005025211169136424,0.9994974788830864,0.3970429080536969,500000
y,y,6,foreground,0.39724253081396715,0.39724253081396715,0.37676727701902396,0.37676727701902396,F1,500000,proxy,-0.001724493713466063,0.9982755062865339,0.39655748856685713,500000
y,y,6,background,0.7201060761835348,0.7201060761835348,0.6484727376379517,0.6484727376379517,F1,500000,gt,0.0026112967884884823,0.9973887032115115,0.7182256654994257,500000
y,y,6,background,0.7201060761835348,0.7201060761835348,0.6484727376379517,0.6484727376379517,F1,500000,proxy,0.0012572421776621192,0.9987427578223379,0.7192007284521661,500000
y,y,7,all,0.5955006301445596,0.5955006301445596,0.578738655986263,0.578738655986263,F1,500000,gt,-0.001794541003923622,0.9982054589960764,0.5944319798459028,500000
y,y,7,all,0.5955006301445596,0.5955006301445596,0.578738655986263,0.578738655986263,F1,500000,proxy,9.261264971227634e-05,0.9999073873502877,0.5954454792532965,500000
y,y,7,foreground,0.3122002776894744,0.3122002776894744,0.3081704493641736,0.3081704493641736,F1,500000,gt,0.001370027313618399,0.9986299726863817,0.31177255478172056,500000
y,y,7,foreground,0.3122002776894744,0.3122002776894744,0.3081704493641736,0.3081704493641736,F1,500000,proxy,-0.001588713336178993,0.9984112866638211,0.31170428094475033,500000
y,y,7,background,0.6934628803278523,0.6934628803278523,0.6215560968324356,0.6215560968324356,F1,500000,gt,0.000319208491980988,0.999680791508019,0.6932415210875781,500000
y,y,7,background,0.6934628803278523,0.6934628803278523,0.6215560968324356,0.6215560968324356,F1,500000,proxy,0.0013281818721845736,0.9986718181278155,0.692541835501168,500000
y,y,8,all,0.5546342936774998,0.5546342936774998,0.5307402532962135,0.5307402532962135,F1,500000,gt,-0.0010681771563406314,0.9989318228436593,0.5540418459948704,500000
y,y,8,all,0.5546342936774998,0.5546342936774998,0.5307402532962135,0.5307402532962135,F1,500000,proxy,0.00040761395870437416,0.9995923860412956,0.5544082169974207,500000
y,y,8,foreground,0.2520991317731119,0.2520991317731119,0.2145334221584408,0.2145334221584408,F1,500000,gt,0.0011991072820305452,0.9988008927179695,0.2517968378684092,500000
y,y,8,foreground,0.2520991317731119,0.2520991317731119,0.2145334221584408,0.2145334221584408,F1,500000,proxy,0.003996529757420372,0.9960034702425796,0.2510916100911608,500000
y,y,8,background,0.6724220992989961,0.6724220992989961,0.6058866012966401,0.6058866012966401,F1,500000,gt,-0.0016157481471259952,0.998384251852874,0.6713356345379672,500000
y,y,8,background,0.6724220992989961,0.6724220992989961,0.6058866012966401,0.6058866012966401,F1,500000,proxy,0.0007476811927437207,0.9992523188072563,0.671919341941765,500000
x,x,1,all,0.9703882406266752,0.9703882406266752,0.9606318915023948,0.9606318915023948,F1,500000,gt,0.0007946474881376157,0.9992053525118624,0.9696171240487429,500000
x,x,1,all,0.9703882406266752,0.9703882406266752,0.9606318915023948,0.9606318915023948,F1,500000,proxy,-0.08987143846811776,0.9101285615318823,0.8831780535690099,500000
x,x,1,foreground,0.9413545561369225,0.9413545561369225,0.9310570985532232,0.9310570985532232,F1,500000,gt,-0.0007286912774721901,0.9992713087225278,0.9406685992828568,500000
x,x,1,foreground,0.9413545561369225,0.9413545561369225,0.9310570985532232,0.9310570985532232,F1,500000,proxy,-0.058716058606557195,0.9412839413934428,0.8860819268492374,500000
x,x,1,background,0.9723210364306331,0.9723210364306331,0.9425070823819541,0.9425070823819541,F1,500000,gt,-0.0007430270258281993,0.9992569729741718,0.9715985756227838,500000
x,x,1,background,0.9723210364306331,0.9723210364306331,0.9425070823819541,0.9425070823819541,F1,500000,proxy,-0.09814116101751352,0.9018588389824864,0.8768963210335786,500000
x,x,2,all,0.8994815877422507,0.8994815877422507,0.873097474309899,0.873097474309899,F1,500000,gt,0.0006270299013268067,0.9993729700986732,0.8989175858910434,500000
x,x,2,all,0.8994815877422507,0.8994815877422507,0.873097474309899,0.873097474309899,F1,500000,proxy,-0.005330061935204594,0.9946699380647954,0.8946872951700083,500000
x,x,2,foreground,0.8129759931816717,0.8129759931816717,0.7908821723386927,0.7908821723386927,F1,500000,gt,-0.0008903913624712132,0.9991096086375287,0.8122521263794462,500000
x,x,2,foreground,0.8129759931816717,0.8129759931816717,0.7908821723386927,0.7908821723386927,F1,500000,proxy,-0.008818063834047984,0.991181936165952,0.8058071189782471,500000
x,x,2,background,0.9126155619368631,0.9126155619368631,0.8420998195940791,0.8420998195940791,F1,500000,gt,-0.00020706884574233695,0.9997929311542577,0.9124265876858464,500000
x,x,2,background,0.9126155619368631,0.9126155619368631,0.8420998195940791,0.8420998195940791,F1,500000,proxy,-0.000155577779155257,0.9998444222208448,0.9124735792345144,500000
x,x,3,all,0.8336780985910778,0.8336780985910778,0.7935287862683572,0.7935287862683572,F1,500000,gt,0.0016136468977334191,0.9983863531022665,0.8323328365135779,500000
x,x,3,all,0.8336780985910778,0.8336780985910778,0.7935287862683572,0.7935287862683572,F1,500000,proxy,-0.001747651583170128,0.9982523484168299,0.8322211197422208,500000
x,x,3,foreground,0.6598652514940274,0.6598652514940274,0.6571505169380985,0.6571505169380985,F1,500000,gt,-0.0015813696583963283,0.9984186303416037,0.6588217606066847,500000
x,x,3,foreground,0.6598652514940274,0.6598652514940274,0.6571505169380985,0.6571505169380985,F1,500000,proxy,-0.005650153281154438,0.9943498467188455,0.6561369116781786,500000
x,x,3,background,0.8480439401870079,0.8480439401870079,0.7660038277855981,0.7660038277855981,F1,500000,gt,0.00036717360466334076,0.9996328263953367,0.8477325608365766,500000
x,x,3,background,0.8480439401870079,0.8480439401870079,0.7660038277855981,0.7660038277855981,F1,500000,proxy,0.003292546798186126,0.9967074532018139,0.845251715827024,500000
x,x,4,all,0.7342246226276591,0.7342246226276591,0.6974429094578236,0.6974429094578236,F1,500000,gt,0.0018264704553968205,0.9981735295446031,0.7328835830468048,500000
x,x,4,all,0.7342246226276591,0.7342246226276591,0.6974429094578236,0.6974429094578236,F1,500000,proxy,-0.0018928052597404676,0.9981071947402596,0.7328348784001185,500000
x,x,4,foreground,0.5543140420289794,0.5543140420289794,0.5450767710251923,0.5450767710251923,F1,500000,gt,0.0015704239861081804,0.9984295760138918,0.5534435339615404,500000
x,x,4,foreground,0.5543140420289794,0.5543140420289794,0.5450767710251923,0.5450767710251923,F1,500000,proxy,-7.071403702002144e-05,0.99992928596298,0.5542748442452906,500000
x,x,4,background,0.7953556062930782,0.7953556062930782,0.715738819811042,0.715738819811042,F1,500000,gt,0.0017069930895947567,0.9982930069104052,0.7939979397693655,500000
x,x,4,background,0.7953556062930782,0.7953556062930782,0.715738819811042,0.715738819811042,F1,500000,proxy,0.0007229683611095522,0.9992770316388905,0.7947805893538973,500000
x,x,5,all,0.6811976986033261,0.6811976986033261,0.6571463420551574,0.6571463420551574,F1,500000,gt,0.0002324407961184688,0.9997675592038815,0.6810393604679487,500000
x,x,5,all,0.6811976986033261,0.6811976986033261,0.6571463420551574,0.6571463420551574,F1,500000,proxy,-0.0005078005204343981,0.9994921994795656,0.6808517860574567,500000
x,x,5,foreground,0.46393123085295135,0.46393123085295135,0.45159209979802745,0.45159209979802745,F1,500000,gt,0.00044897858893133095,0.9995510214110687,0.4637229356635618,500000
x,x,5,foreground,0.46393123085295135,0.46393123085295135,0.45159209979802745,0.45159209979802745,F1,500000,proxy,-0.00012020652727253501,0.9998797934727275,0.46387546329079726,500000
x,x,5,background,0.7525777325063632,0.7525777325063632,0.677964793022107,0.677964793022107,F1,500000,gt,-0.0009421649110197365,0.9990578350889803,0.7518686801739809,500000
x,x,5,background,0.7525777325063632,0.7525777325063632,0.677964793022107,0.677964793022107,F1,500000,proxy,0.003934709297431531,0.9960652907025684,0.7496165579052304,500000
x,x,6,all,0.6057107580145841,0.6057107580145841,0.590224642391784,0.590224642391784,F1,500000,gt,0.0004833309015473958,0.9995166690984526,0.6054179992878359,500000
x,x,6,all,0.6057107580145841,0.6057107580145841,0.590224642391784,0.590224642391784,F1,500000,proxy,0.0018320392745848474,0.9981679607254151,0.6046010721168628,500000
x,x,6,foreground,0.3853307006788719,0.3853307006788719,0.3709033278475264,0.3709033278475264,F1,500000,gt,0.0007336824219673016,0.9992663175780327,0.3850479903171395,500000
x,x,6,foreground,0.3853307006788719,0.3853307006788719,0.3709033278475264,0.3709033278475264,F1,500000,proxy,-0.0009039144618835743,0.9990960855381165,0.38498239468592055,500000
x,x,6,background,0.7230234530540303,0.7230234530540303,0.6493106785734891,0.6493106785734891,F1,500000,gt,0.00021340686083509355,0.999786593139165,0.7228691548886039,500000
x,x,6,background,0.7230234530540303,0.7230234530540303,0.6493106785734891,0.6493106785734891,F1,500000,proxy,-0.00044747818920024387,0.9995525218107998,0.7226999158285083,500000
x,x,7,all,0.5719688795914298,0.5719688795914298,0.570169348219143,0.570169348219143,F1,500000,gt,0.0011828608615046907,0.9988171391384953,0.5712923199897625,500000
x,x,7,all,0.5719688795914298,0.5719688795914298,0.570169348219143,0.570169348219143,F1,500000,proxy,0.0008876505665676352,0.9991123494334324,0.5714611710914015,500000
x,x,7,foreground,0.3174460291192765,0.3174460291192765,0.2964241738062139,0.2964241738062139,F1,500000,gt,-0.0013818777693567017,0.9986181222306433,0.317007357508666,500000
x,x,7,foreground,0.3174460291192765,0.3174460291192765,0.2964241738062139,0.2964241738062139,F1,500000,proxy,0.0016327121899213602,0.9983672878100787,0.31692773111789135,500000
x,x,7,background,0.6989671890546936,0.6989671890546936,0.626353065679069,0.626353065679069,F1,500000,gt,-0.00035265671970961457,0.9996473432802904,0.6987206935786169,500000
x,x,7,background,0.6989671890546936,0.6989671890546936,0.626353065679069,0.626353065679069,F1,500000,proxy,-0.0014888958135935275,0.9985111041864064,0.6979264997330707,500000
x,x,8,all,0.5431277170690442,0.5431277170690442,0.5302259137760946,0.5302259137760946,F1,500000,gt,0.0007389552434013767,0.9992610447565986,0.5427263699946794,500000
x,x,8,all,0.5431277170690442,0.5431277170690442,0.5302259137760946,0.5302259137760946,F1,500000,proxy,-0.00048241882071875557,0.9995175811792812,0.542865702036276,500000
x,x,8,foreground,0.26690471181670655,0.26690471181670655,0.24621948003075483,0.24621948003075483,F1,500000,gt,0.0002661291308087185,0.9997338708691913,0.26683368069774205,500000
x,x,8,foreground,0.26690471181670655,0.26690471181670655,0.24621948003075483,0.24621948003075483,F1,500000,proxy,-0.0006824847856186592,0.9993175152143814,0.2667225534116817,500000
x,x,8,background,0.679313909998502,0.679313909998502,0.6120508751939031,0.6120508751939031,F1,500000,gt,0.0017467469203649492,0.9982532530796351,0.6781273205182511,500000
x,x,8,background,0.679313909998502,0.679313909998502,0.6120508751939031,0.6120508751939031,F1,500000,proxy,0.0006677414754811359,0.9993322585245189,0.6788603039259248,500000
z,t,1,all,0.9998301152993487,0.9998301152993487,0.9421867980124474,0.9421867980124474,F2,500000,gt,0.0005353695241112138,0.9994646304758887,0.9992948367263288,500000
z,t,1,all,0.9998301152993487,0.9998301152993487,0.9421867980124474,0.9421867980124474,F2,500000,proxy,-0.0984064344248017,0.9015935655751983,0.9014403986222015,500000
z,t,1,foreground,0.999476929669222,0.999476929669222,0.9342815876851917,0.9342815876851917,F2,500000,gt,0.0014595509697167724,0.9985404490302833,0.9980181421473138,500000
z,t,1,foreground,0.999476929669222,0.999476929669222,0.9342815876851917,0.9342815876851917,F2,500000,proxy,-0.0919235444027756,0.9080764555972244,0.9076014677452234,500000
z,t,1,background,0.9999500106066809,0.9999500106066809,0.8678774054000153,0.8678774054000153,F2,500000,gt,0.00017832620722923066,0.9998216737927708,0.9997716933138705,500000
z,t,1,background,0.9999500106066809,0.9999500106066809,0.8678774054000153,0.8678774054000153,F2,500000,proxy,-0.10201928650488731,0.8979807134951127,0.8979358239840327,500000
z,t,2,all,0.9989426024747529,0.9989426024747529,0.8480307029903476,0.8480307029903476,F2,500000,gt,-0.0011730182216169553,0.998826981778383,0.9977708245997005,500000
z,t,2,all,0.9989426024747529,0.9989426024747529,0.8480307029903476,0.8480307029903476,F2,500000,proxy,0.004717253142875709,0.9952827468571243,0.9942303373436764,500000
z,t,2,foreground,0.9974640087091963,0.9974640087091963,0.8642837930491111,0.8642837930491111,F2,500000,gt,0.0014095035808747794,0.9985904964191252,0.996058079617127,500000
z,t,2,foreground,0.9974640087091963,0.9974640087091963,0.8642837930491111,0.8642837930491111,F2,500000,proxy,0.010836326092731753,0.9891636739072682,0.98665516344506,500000
z,t,2,background,0.9998370601506158,0.9998370601506158,0.6825328420238692,0.6825328420238692,F2,500000,gt,-0.0015812560980829312,0.9984187439019171,0.9982560617021633,500000
z,t,2,background,0.9998370601506158,0.9998370601506158,0.6825328420238692,0.6825328420238692,F2,500000,proxy,0.0002446840703237771,0.9997553159296763,0.9995924159490777,500000
z,t,3,all,0.9977368244527671,0.9977368244527671,0.8247251390659242,0.8247251390659242,F2,500000,gt,-0.00010955502272040065,0.9998904449772796,0.9976275173722953,500000
z,t,3,all,0.9977368244527671,0.9977368244527671,0.8247251390659242,0.8247251390659242,F2,500000,proxy,0.004660845639938935,0.995339154360061,0.9930865271247099,500000
z,t,3,foreground,0.9946583826214803,0.9946583826214803,0.8091713977958248,0.8091713977958248,F2,500000,gt,0.0012284938919042358,0.9987715061080957,0.9934364508738984,500000
z,t,3,foreground,0.9946583826214803,0.9946583826214803,0.8091713977958248,0.8091713977958248,F2,500000,proxy,0.013589556161948754,0.9864104438380512,0.9811414166688925,500000
z,t,3,background,0.9996630779109514,0.9996630779109514,0.6098408014738975,0.6098408014738975,F2,500000,gt,0.000509405812146296,0.9994905941878537,0.9991538437288755,500000
z,t,3,background,0.9996630779109514,0.9996630779109514,0.6098408014738975,0.6098408014738975,F2,500000,proxy,0.004345633983625867,0.9956543660163741,0.9953189080674055,500000
z,t,4,all,0.9973062138927851,0.9973062138927851,0.8089913990861097,0.8089913990861097,F2,500000,gt,-2.7196381569447976e-05,0.9999728036184306,0.9972790907724505,500000
z,t,4,all,0.9973062138927851,0.9973062138927851,0.8089913990861097,0.8089913990861097,F2,500000,proxy,0.00619493031076321,0.9938050696892368,0.9911279713992281,500000
z,t,4,foreground,0.9905830046399319,0.9905830046399319,0.808646205228374,0.808646205228374,F2,500000,gt,0.001251605421050754,0.9987483945789493,0.9893431855813238,500000
z,t,4,foreground,0.9905830046399319,0.9905830046399319,0.808646205228374,0.808646205228374,F2,500000,proxy,0.012680583404766473,0.9873194165952335,0.978021834230251,500000
z,t,4,background,0.9994366345215041,0.9994366345215041,0.5960253930754844,0.5960253930754844,F2,500000,gt,0.0008201172906913657,0.9991798827093087,0.9986169792565827,500000
z,t,4,background,0.9994366345215041,0.9994366345215041,0.5960253930754844,0.5960253930754844,F2,500000,proxy,0.0026584558096908193,0.9973415441903092,0.9967796763940425,500000
z,t,5,all,0.9959335050616994,0.9959335050616994,0.8135216078391444,0.8135216078391444,F2,500000,gt,8.413324131549997e-05,0.9999158667586845,0.9958497139477839,500000
z,t,5,all,0.9959335050616994,0.9959335050616994,0.8135216078391444,0.8135216078391444,F2,500000,proxy,0.006710940095799745,0.9932890599042002,0.9892498549698304,500000
z,t,5,foreground,0.9864603839136282,0.9864603839136282,0.8140054090638662,0.8140054090638662,F2,500000,gt,-0.0015243666690031145,0.9984756333309969,0.9849566565840983,500000
z,t,5,foreground,0.9864603839136282,0.9864603839136282,0.8140054090638662,0.8140054090638662,F2,500000,proxy,0.009737808589697,0.990262191410303,0.9768544215137583,500000
z,t,5,background,0.9991826362606759,0.9991826362606759,0.5956159088487637,0.5956159088487637,F2,500000,gt,-0.00010565961547355137,0.9998943403845264,0.9990770630075407,500000
z,t,5,background,0.9991826362606759,0.9991826362606759,0.5956159088487637,0.5956159088487637,F2,500000,proxy,0.0038181785831437566,0.9961818214168563,0.9953675785182564,500000
z,t,6,all,0.9944006249867284,0.9944006249867284,0.8055696357579286,0.8055696357579286,F2,500000,gt,0.0006351974503311103,0.9993648025496689,0.9937689842451292,500000
z,t,6,all,0.9944006249867284,0.9944006249867284,0.8055696357579286,0.8055696357579286,F2,500000,proxy,0.007336926050263664,0.9926630739497363,0.9871047811368648,500000
z,t,6,foreground,0.9832824926694431,0.9832824926694431,0.8041742607990076,0.8041742607990076,F2,500000,gt,0.0007037854613130962,0.9992962145386869,0.9825904727467386,500000
z,t,6,foreground,0.9832824926694431,0.9832824926694431,0.8041742607990076,0.8041742607990076,F2,500000,proxy,0.010181772093477023,0.989818227906523,0.9732709344255769,500000
z,t,6,background,0.9988923761246468,0.9988923761246468,0.5938204016881852,0.5938204016881852,F2,500000,gt,-0.002078056992601761,0.9979219430073982,0.9968166208375844,500000
z,t,6,background,0.9988923761246468,0.9988923761246468,0.5938204016881852,0.5938204016881852,F2,500000,proxy,0.0005484638995387098,0.9994515361004613,0.998344519716818,500000
z,t,7,all,0.9922633767906903,0.9922633767906903,0.7943220798494046,0.7943220798494046,F2,500000,gt,-0.000335757422477178,0.9996642425775228,0.9919302169968806,500000
z,t,7,all,0.9922633767906903,0.9922633767906903,0.7943220798494046,0.7943220798494046,F2,500000,proxy,0.004262255819251548,0.9957377441807485,0.988034096438734,500000
z,t,7,foreground,0.976846379223663,0.976846379223663,0.8112608421809924,0.8112608421809924,F2,500000,gt,0.0017563604804495376,0.9982436395195504,0.9751306848477244,500000
z,t,7,foreground,0.976846379223663,0.976846379223663,0.8112608421809924,0.8112608421809924,F2,500000,proxy,0.012500778603597452,0.9874992213964026,0.9646350389072622,500000
z,t,7,background,0.998617399449358,0.998617399449358,0.593249456378043,0.593249456378043,F2,500000,gt,-0.0012894247074588798,0.9987105752925411,0.9973297575012097,500000
z,t,7,background,0.998617399449358,0.998617399449358,0.593249456378043,0.593249456378043,F2,500000,proxy,0.0023276178344131134,0.9976723821655868,0.9962929997806445,500000
z,t,8,all,0.9880163950142163,0.9880163950142163,0.8197925178588336,0.8197925178588336,F2,500000,gt,-0.00046913085889405126,0.999530869141106,0.987552886034222,500000
z,t,8,all,0.9880163950142163,0.9880163950142163,0.8197925178588336,0.8197925178588336,F2,500000,proxy,0.006140794326325841,0.9938592056736741,0.9819491895413961,500000
z,t,8,foreground,0.9680068565219427,0.9680068565219427,0.7743888426792241,0.7743888426792241,F2,500000,gt,-0.0007638349473779288,0.999236165052622,0.9672674590556298,500000
z,t,8,foreground,0.9680068565219427,0.9680068565219427,0.7743888426792241,0.7743888426792241,F2,500000,proxy,0.011956804671587046,0.988043195328413,0.956432587617753,500000
z,t,8,background,0.9980026227906208,0.9980026227906208,0.5938714234521054,0.5938714234521054,F2,500000,gt,-0.0007753595981375745,0.9992246404018624,0.9972288118780737,500000
z,t,8,background,0.9980026227906208,0.9980026227906208,0.5938714234521054,0.5938714234521054,F2,500000,proxy,0.004047458374558949,0.995952541625441,0.993963248717175,500000
y,y,1,all,0.9733597638190324,0.9733597638190324,0.9091728540707092,0.9091728540707092,F2,500000,gt,-0.00041380914941140876,0.9995861908505886,0.9729569786430953,500000
y,y,1,all,0.9733597638190324,0.9733597638190324,0.9091728540707092,0.9091728540707092,F2,500000,proxy,-0.10362002819298921,0.8963799718070108,0.8725001976501829,500000
y,y,1,foreground,0.9457555810305941,0.9457555810305941,0.8963929901013727,0.8963929901013727,F2,500000,gt,0.0005549037712355604,0.9994450962287644,0.9452307776920131,500000
y,y,1,foreground,0.9457555810305941,0.9457555810305941,0.8963929901013727,0.8963929901013727,F2,500000,proxy,-0.09753775386036684,0.9024622461396332,0.8535087059559638,500000
y,y,1,background,0.9733699073573653,0.9733699073573653,0.8503243276565506,0.8503243276565506,F2,500000,gt,-0.0003906995752626973,0.9996093004247373,0.9729896121479873,500000
y,y,1,background,0.9733699073573653,0.9733699073573653,0.8503243276565506,0.8503243276565506,F2,500000,proxy,-0.102725207939997,0.897274792060003,0.8733802812215443,500000
y,y,2,all,0.9083017247338477,0.9083017247338477,0.766634184540438,0.766634184540438,F2,500000,gt,0.0005276585412173725,0.9994723414587826,0.9078224515707894,500000
y,y,2,all,0.9083017247338477,0.9083017247338477,0.766634184540438,0.766634184540438,F2,500000,proxy,-0.00145470824587133,0.9985452917541286,0.9069804107251382,500000
y,y,2,foreground,0.821345222090822,0.821345222090822,0.7225188641701417,0.7225188641701417,F2,500000,gt,4.4606112590484956e-05,0.9999553938874095,0.8213085850733697,500000
y,y,2,foreground,0.821345222090822,0.821345222090822,0.7225188641701417,0.7225188641701417,F2,500000,proxy,-0.0023630239692066382,0.9976369760307934,0.819404363644028,500000
y,y,2,background,0.9150815101702893,0.9150815101702893,0.6266939935138692,0.6266939935138692,F2,500000,gt,-0.0005852315166269717,0.9994147684833731,0.9145459756302551,500000
y,y,2,background,0.9150815101702893,0.9150815101702893,0.6266939935138692,0.6266939935138692,F2,500000,proxy,-0.004266685570111317,0.9957333144298887,0.91117714509537,500000
y,y,3,all,0.8267424333908139,0.8267424333908139,0.6780786611372733,0.6780786611372733,F2,500000,gt,-0.0008457651849073246,0.9991542348150927,0.8260432034237664,500000
y,y,3,all,0.8267424333908139,0.8267424333908139,0.6780786611372733,0.6780786611372733,F2,500000,proxy,0.002203980095860559,0.9977960199041395,0.8249203095232173,500000
y,y,3,foreground,0.7016845607268574,0.7016845607268574,0.5814293436769111,0.5814293436769111,F2,500000,gt,0.0006381840955961245,0.9993618159044039,0.7012367568000761,500000
y,y,3,foreground,0.7016845607268574,0.7016845607268574,0.5814293436769111,0.5814293436769111,F2,500000,proxy,0.002223115213871068,0.9977768847861289,0.700124635104567,500000
y,y,3,background,0.8516266816072335,0.8516266816072335,0.5157466820353185,0.5157466820353185,F2,500000,gt,-0.00012808229632645056,0.9998719177036736,0.8515176033062404,500000
y,y,3,background,0.8516266816072335,0.8516266816072335,0.5157466820353185,0.5157466820353185,F2,500000,proxy,0.0038035277294852046,0.9961964722705148,0.848387495908571,500000
y,y,4,all,0.7407936887998458,0.7407936887998458,0.5864822704640031,0.5864822704640031,F2,500000,gt,-0.0017933291944304097,0.9982066708055696,0.7394652018506712,500000
y,y,4,all,0.7407936887998458,0.7407936887998458,0.5864822704640031,0.5864822704640031,F2,500000,proxy,-0.0007295466661607476,0.9992704533338392,0.7402532452338689,500000
y,y,4,foreground,0.5853372987225239,0.5853372987225239,0.47588443041434236,0.47588443041434236,F2,500000,gt,-0.00041144801544040424,0.9995885519845596,0.5850964628526013,500000
y,y,4,foreground,0.5853372987225239,0.5853372987225239,0.47588443041434236,0.47588443041434236,F2,500000,proxy,-9.244479175009021e-05,0.9999075552082499,0.58528318733784,500000
y,y,4,background,0.797807149494269,0.797807149494269,0.4719031978071406,0.4719031978071406,F2,500000,gt,-0.0011274250640880613,0.998872574935912,0.7969076817176205,500000
y,y,4,background,0.797807149494269,0.797807149494269,0.4719031978071406,0.4719031978071406,F2,500000,proxy,0.0008974609112544311,0.9991025390887456,0.7970911487628786,500000
y,y,5,all,0.6991207116735507,0.6991207116735507,0.5562858064306957,0.5562858064306957,F2,500000,gt,0.00016171440621568425,0.9998382855937843,0.6990076537827893,500000
y,y,5,all,0.6991207116735507,0.6991207116735507,0.5562858064306957,0.5562858064306957,F2,500000,proxy,-0.001385242055236375,0.9986147579447636,0.6981522602620537,500000
y,y,5,foreground,0.46458233355844897,0.46458233355844897,0.4109149645177339,0.4109149645177339,F2,500000,gt,-0.002635505474455975,0.997364494525544,0.46335792427502015,500000
y,y,5,foreground,0.46458233355844897,0.46458233355844897,0.4109149645177339,0.4109149645177339,F2,500000,proxy,0.0007127368646854808,0.9992872631353146,0.4642512086026403,500000
y,y,5,background,0.755717983991147,0.755717983991147,0.448919093213871,0.448919093213871,F2,500000,gt,-0.0018293550912828263,0.9981706449087172,0.7543355074495588,500000
y,y,5,background,0.755717983991147,0.755717983991147,0.448919093213871,0.448919093213871,F2,500000,proxy,-0.001842618212192054,0.998157381787808,0.7543254842705639,500000
y,y,6,all,0.6084004068877048,0.6084004068877048,0.5047692218103798,0.5047692218103798,F2,500000,gt,0.0012360301777867982,0.9987639698222132,0.6076484056246139,500000
y,y,6,all,0.6084004068877048,0.6084004068877048,0.5047692218103798,0.5047692218103798,F2,500000,proxy,0.001814192269081531,0.9981858077309185,0.607296651573023,500000
y,y,6,foreground,0.3847552972320232,0.3847552972320232,0.3090297122835186,0.3090297122835186,F2,500000,gt,0.0017580297581223515,0.9982419702418777,0.3840788859698941,500000
y,y,6,foreground,0.3847552972320232,0.3847552972320232,0.3090297122835186,0.3090297122835186,F2,500000,proxy,0.001806585119584095,0.9981934148804159,0.38406020403736263,500000
y,y,6,background,0.7190593630037401,0.7190593630037401,0.4277181759085417,0.4277181759085417,F2,500000,gt,0.0005612217729641005,0.9994387782270359,0.7186558112331687,500000
y,y,6,background,0.7190593630037401,0.7190593630037401,0.4277181759085417,0.4277181759085417,F2,500000,proxy,0.0003459412115131288,0.9996540587884869,0.7188106107365527,500000
y,y,7,all,0.6017023278872162,0.6017023278872162,0.49323294040563265,0.49323294040563265,F2,500000,gt,-0.003768362497799758,0.9962316375022002,0.5994348953999672,500000
y,y,7,all,0.6017023278872162,0.6017023278872162,0.49323294040563265,0.49323294040563265,F2,500000,proxy,-0.0025233710764893612,0.9974766289235106,0.6001840096363693,500000
y,y,7,foreground,0.30648619027411217,0.30648619027411217,0.24941291510353705,0.24941291510353705,F2,500000,gt,0.0019456247875631624,0.9980543752124368,0.30588988314526905,500000
y,y,7,foreground,0.30648619027411217,0.30648619027411217,0.24941291510353705,0.24941291510353705,F2,500000,proxy,-0.001924969489155036,0.998075030510845,0.3058962137089872,500000
y,y,7,background,0.6941152036213123,0.6941152036213123,0.41006350752204845,0.41006350752204845,F2,500000,gt,-0.0013114521328584342,0.9986885478671416,0.6932049047570736,500000
y,y,7,background,0.6941152036213123,0.6941152036213123,0.41006350752204845,0.41006350752204845,F2,500000,proxy,0.0020355610549677603,0.9979644389450323,0.6927022897451598,500000
y,y,8,all,0.5413150483615122,0.5413150483615122,0.4635185511231992,0.4635185511231992,F2,500000,gt,0.0004955884024793713,0.9995044115975207,0.5410467789014567,500000
y,y,8,all,0.5413150483615122,0.5413150483615122,0.4635185511231992,0.4635185511231992,F2,500000,proxy,-0.0034430343439585138,0.9965569656560415,0.539451282059102,500000
y,y,8,foreground,0.26151380062705604,0.26151380062705604,0.2178374373115259,0.2178374373115259,F2,500000,gt,0.003442720963054821,0.9965572790369451,0.2606134815835091,500000
y,y,8,foreground,0.26151380062705604,0.26151380062705604,0.2178374373115259,0.2178374373115259,F2,500000,proxy,-0.002499891069222044,0.997500108930778,0.26086004461239015,500000
y,y,8,background,0.6727336217840462,0.6727336217840462,0.40035493670750005,0.40035493670750005,F2,500000,gt,-0.001708610526487262,0.9982913894735127,0.6715841820363441,500000
y,y,8,background,0.6727336217840462,0.6727336217840462,0.40035493670750005,0.40035493670750005,F2,500000,proxy,0.0011790988891870983,0.9988209011108129,0.6719404023178818,500000
x,x,1,all,0.9686884131628971,0.9686884131628971,0.9099766726064964,0.9099766726064964,F2,500000,gt,-0.0005543935141169859,0.999445606485883,0.9681513785894393,500000
x,x,1,all,0.9686884131628971,0.9686884131628971,0.9099766726064964,0.9099766726064964,F2,500000,proxy,-0.104312067633901,0.895687932366099,0.8676425218928727,500000
x,x,1,foreground,0.9332810581194275,0.9332810581194275,0.8884619066363049,0.8884619066363049,F2,500000,gt,0.0010911353657813417,0.9989088646342187,0.9322627221506996,500000
x,x,1,foreground,0.9332810581194275,0.9332810581194275,0.8884619066363049,0.8884619066363049,F2,500000,proxy,-0.0973517897595295,0.9026482102404705,0.8424244767628337,500000
x,x,1,background,0.9724939121086521,0.9724939121086521,0.8492665870116942,0.8492665870116942,F2,500000,gt,0.0008087581177384675,0.9991912418822615,0.971707399762783,500000
x,x,1,background,0.9724939121086521,0.9724939121086521,0.8492665870116942,0.8492665870116942,F2,500000,proxy,-0.10417701374003015,0.8958229862599698,0.8711824004648133,500000
x,x,2,all,0.888550407938098,0.888550407938098,0.7744149803184859,0.7744149803184859,F2,500000,gt,-0.00031134614390250476,0.9996886538560975,0.8882737611949235,500000
x,x,2,all,0.888550407938098,0.888550407938098,0.7744149803184859,0.7744149803184859,F2,500000,proxy,-0.004443707557942216,0.9955562924420578,0.8846019497747308,500000
x,x,2,foreground,0.7894128673526958,0.7894128673526958,0.7178073214638993,0.7178073214638993,F2,500000,gt,0.0019270673871394195,0.9980729326128606,0.7878916155610322,500000
x,x,2,foreground,0.7894128673526958,0.7894128673526958,0.7178073214638993,0.7178073214638993,F2,500000,proxy,-0.004076647302865771,0.9959233526971343,0.7861947095161549,500000
x,x,2,background,0.9121529120663348,0.9121529120663348,0.6243885730345182,0.6243885730345182,F2,500000,gt,-0.0028223094225567546,0.9971776905774432,0.9095785343077973,500000
x,x,2,background,0.9121529120663348,0.9121529120663348,0.6243885730345182,0.6243885730345182,F2,500000,proxy,-0.0022621665715690524,0.9977378334284309,0.9100894702404989,500000
x,x,3,all,0.8083641307396485,0.8083641307396485,0.6596665923635993,0.6596665923635993,F2,500000,gt,-0.0013634924675111064,0.9986365075324889,0.8072619323363789,500000
x,x,3,all,0.8083641307396485,0.8083641307396485,0.6596665923635993,0.6596665923635993,F2,500000,proxy,0.0013016555760560506,0.9986983444239439,0.8073119190613876,500000
x,x,3,foreground,0.6551599416209883,0.6551599416209883,0.5574968208497688,0.5574968208497688,F2,500000,gt,-0.0033378342184649207,0.9966621657815351,0.6529731263492783,500000
x,x,3,foreground,0.6551599416209883,0.6551599416209883,0.5574968208497688,0.5574968208497688,F2,500000,proxy,0.0019930310372676965,0.9980069689627323,0.6538541875229632,500000
x,x,3,background,0.8473047961338499,0.8473047961338499,0.5134720249903225,0.5134720249903225,F2,500000,gt,-0.0013599578496347265,0.9986400421503653,0.8461524973253145,500000
x,x,3,background,0.8473047961338499,0.8473047961338499,0.5134720249903225,0.5134720249903225,F2,500000,proxy,-0.0012017697941856219,0.9987982302058144,0.8462865308233877,500000
x,x,4,all,0.748462753493003,0.748462753493003,0.5883608098715527,0.5883608098715527,F2,500000,gt,-0.0002422779908579647,0.999757722009142,0.7482814174408546,500000
x,x,4,all,0.748462753493003,0.748462753493003,0.5883608098715527,0.5883608098715527,F2,500000,proxy,-0.0022756585130910487,0.9977243414869089,0.746759507856285,500000
x,x,4,foreground,0.5432789079452064,0.5432789079452064,0.48372065445728196,0.48372065445728196,F2,500000,gt,0.0019704520990975697,0.9980295479009025,0.5422084028806503,500000
x,x,4,foreground,0.5432789079452064,0.5432789079452064,0.48372065445728196,0.48372065445728196,F2,500000,proxy,-0.0010058803312838187,0.9989941196687162,0.542732434377303,500000
x,x,4,background,0.7937980803301515,0.7937980803301515,0.46986970230687786,0.46986970230687786,F2,500000,gt,0.0010764433594381475,0.9989235566405619,0.7929436016578454,500000
x,x,4,background,0.7937980803301515,0.7937980803301515,0.46986970230687786,0.46986970230687786,F2,500000,proxy,0.0022901946694275513,0.9977098053305724,0.7919801281979776,500000
x,x,5,all,0.6710373290550599,0.6710373290550599,0.5498590269040705,0.5498590269040705,F2,500000,gt,-0.002046926205797028,0.997953073794203,0.669663765161149,500000
x,x,5,all,0.6710373290550599,0.6710373290550599,0.5498590269040705,0.5498590269040705,F2,500000,proxy,0.0014585528624641798,0.9985414471375358,0.6700585856379463,500000
x,x,5,foreground,0.45597707268382415,0.45597707268382415,0.4083730374807624,0.4083730374807624,F2,500000,gt,0.0014560907639303805,0.9985439092360696,0.45531312867972523,500000
x,x,5,foreground,0.45597707268382415,0.45597707268382415,0.4083730374807624,0.4083730374807624,F2,500000,proxy,-0.0010467727175420714,0.998953227282458,0.45549976832431405,500000
x,x,5,background,0.7541828518748821,0.7541828518748821,0.4467952286074571,0.4467952286074571,F2,500000,gt,-0.0020425206358093465,0.9979574793641907,0.7526424178367541,500000
x,x,5,background,0.7541828518748821,0.7541828518748821,0.4467952286074571,0.4467952286074571,F2,500000,proxy,-0.0015569364472556213,0.9984430635527444,0.753008637104903,500000
x,x,6,all,0.609334017468739,0.609334017468739,0.5171715392176048,0.5171715392176048,F2,500000,gt,0.0047805188333536535,0.9952194811666464,0.6064210847224267,500000
x,x,6,all,0.609334017468739,0.609334017468739,0.5171715392176048,0.5171715392176048,F2,500000,proxy,0.0002496633498574042,0.9997503366501426,0.6091818890967557,500000
x,x,6,foreground,0.37717021552645585,0.37717021552645585,0.35039020740797333,0.35039020740797333,F2,500000,gt,-0.001735258739005382,0.9982647412609946,0.37651572761387103,500000
x,x,6,foreground,0.37717021552645585,0.37717021552645585,0.35039020740797333,0.35039020740797333,F2,500000,proxy,0.0015958334624175288,0.9984041665375825,0.3765683146754915,500000
x,x,6,background,0.7223521847725862,0.7223521847725862,0.4299508317566404,0.4299508317566404,F2,500000,gt,0.002085620268101259,0.9979143797318988,0.7208456324153173,500000
x,x,6,background,0.7223521847725862,0.7223521847725862,0.4299508317566404,0.4299508317566404,F2,500000,proxy,0.0001458022626015692,0.9998541977373985,0.7222468641896512,500000
x,x,7,all,0.5526973228681611,0.5526973228681611,0.46737994044074893,0.46737994044074893,F2,500000,gt,0.0013067881096485133,0.9986932118903515,0.5519750645784024,500000
x,x,7,all,0.5526973228681611,0.5526973228681611,0.46737994044074893,0.46737994044074893,F2,500000,proxy,-0.0021339482048168996,0.9978660517951831,0.5515178954082195,500000
x,x,7,foreground,0.313741102988339,0.313741102988339,0.2730385567832878,0.2730385567832878,F2,500000,gt,-0.0009846454224784762,0.9990153545775216,0.3134321792474382,500000
x,x,7,foreground,0.313741102988339,0.313741102988339,0.2730385567832878,0.2730385567832878,F2,500000,proxy,0.0020721635711246815,0.9979278364288753,0.3130909801039621,500000
x,x,7,background,0.6983760779055768,0.6983760779055768,0.4175954326722388,0.4175954326722388,F2,500000,gt,-0.0009988344275733859,0.9990011655724266,0.697678515835571,500000
x,x,7,background,0.6983760779055768,0.6983760779055768,0.4175954326722388,0.4175954326722388,F2,500000,proxy,0.003005711109958944,0.996994288890041,0.6962769611692864,500000
x,x,8,all,0.5638811266927802,0.5638811266927802,0.4293705137751792,0.4293705137751792,F2,500000,gt,0.0008013675570659562,0.999198632442934,0.5634292506518068,500000
x,x,8,all,0.5638811266927802,0.5638811266927802,0.4293705137751792,0.4293705137751792,F2,500000,proxy,0.0009692082227272689,0.9990307917772727,0.5633346084681489,500000
x,x,8,foreground,0.27056750330397855,0.27056750330397855,0.19488504087597533,0.19488504087597533,F2,500000,gt,-0.0011416760463694596,0.9988583239536305,0.2702586028665304,500000
x,x,8,foreground,0.27056750330397855,0.27056750330397855,0.19488504087597533,0.19488504087597533,F2,500000,proxy,0.0031202128754534543,0.9968797871245465,0.2697232750964902,500000
x,x,8,background,0.6789903810711926,0.6789903810711926,0.40713165370148974,0.40713165370148974,F2,500000,gt,0.0011519567545471075,0.9988480432454528,0.678208213515445,500000
x,x,8,background,0.6789903810711926,0.6789903810711926,0.40713165370148974,0.40713165370148974,F2,500000,proxy,-0.00042920154343810613,0.9995707984565619,0.6786989573516572,500000
z,t,1,all,0.9997929276984576,0.9997929276984576,0.8404117197362891,0.8404117197362891,F3,500000,gt,-0.002897754931251803,0.9971022450687482,0.9968957728119888,500000
z,t,1,all,0.9997929276984576,0.9997929276984576,0.8404117197362891,0.8404117197362891,F3,500000,proxy,-0.10386263970826806,0.896137360291732,0.8959517950660383,500000
z,t,1,foreground,0.9994489005540824,0.9994489005540824,0.8386199074011965,0.8386199074011965,F3,500000,gt,0.0008452378819623651,0.9991547621180377,0.9986041284822486,500000
z,t,1,foreground,0.9994489005540824,0.9994489005540824,0.8386199074011965,0.8386199074011965,F3,500000,proxy,-0.10218020527553603,0.8978197947244639,0.8973250067330575,500000
z,t,1,background,0.9999497048663512,0.9999497048663512,0.762593070014793,0.762593070014793,F3,500000,gt,-0.0011278944403333505,0.9988721055596667,0.9988218671536194,500000
z,t,1,background,0.9999497048663512,0.9999497048663512,0.762593070014793,0.762593070014793,F3,500000,proxy,-0.10285018055331004,0.8971498194466899,0.8971046971766178,500000
z,t,2,all,0.9994109790001924,0.9994109790001924,0.6131564534821864,0.6131564534821864,F3,500000,gt,0.0012916647099407404,0.9987083352900593,0.9981200751078906,500000
z,t,2,all,0.9994109790001924,0.9994109790001924,0.6131564534821864,0.6131564534821864,F3,500000,proxy,-0.00127109715359847,0.9987289028464015,0.9981406305495101,500000
z,t,2,foreground,0.9981630503703997,0.9981630503703997,0.6330871063801082,0.6330871063801082,F3,500000,gt,-0.0023791500028061308,0.9976208499971939,0.9957882707463099,500000
z,t,2,foreground,0.9981630503703997,0.9981630503703997,0.6330871063801082,0.6330871063801082,F3,500000,proxy,0.0016775273521102238,0.9983224726478898,0.9964886045515375,500000
z,t,2,background,0.9998050456821445,0.9998050456821445,0.4303267963270286,0.4303267963270286,F3,500000,gt,-0.0017143912292469667,0.998285608770753,0.9980909886808701,500000
z,t,2,background,0.9998050456821445,0.9998050456821445,0.4303267963270286,0.4303267963270286,F3,500000,proxy,-0.00024288845782169665,0.9997571115421783,0.9995622045764764,500000
z,t,3,all,0.9981815745506283,0.9981815745506283,0.5400521107413098,0.5400521107413098,F3,500000,gt,9.893549080554225e-05,0.9999010645091945,0.9980828189666371,500000
z,t,3,all,0.9981815745506283,0.9981815745506283,0.5400521107413098,0.5400521107413098,F3,500000,proxy,0.0031179282834872205,0.9968820717165128,0.9950693159872811,500000
z,t,3,foreground,0.9944219224637022,0.9944219224637022,0.5884394117575679,0.5884394117575679,F3,500000,gt,-0.00018472897418481888,0.9998152710258151,0.9942382239220585,500000
z,t,3,foreground,0.9944219224637022,0.9944219224637022,0.5884394117575679,0.5884394117575679,F3,500000,proxy,0.002890868712242158,0.9971091312877578,0.9915471792412841,500000
z,t,3,background,0.9996618246537887,0.9996618246537887,0.2978553232033982,0.2978553232033982,F3,500000,gt,0.001612518491138445,0.9983874815088616,0.9980498514766494,500000
z,t,3,background,0.9996618246537887,0.9996618246537887,0.2978553232033982,0.2978553232033982,F3,500000,proxy,0.0046727848934303845,0.9953272151065696,0.9949906199810075,500000
z,t,4,all,0.9962708011067194,0.9962708011067194,0.5185475442648355,0.5185475442648355,F3,500000,gt,-0.0017494296497556473,0.9982505703502443,0.9945278954280775,500000
z,t,4,all,0.9962708011067194,0.9962708011067194,0.5185475442648355,0.5185475442648355,F3,500000,proxy,0.0012267595838269705,0.998773240416173,0.9950486163533747,500000
z,t,4,foreground,0.9910138023144107,0.9910138023144107,0.538807684443134,0.538807684443134,F3,500000,gt,0.0009222478779636348,0.9990777521220363,0.9900998419381936,500000
z,t,4,foreground,0.9910138023144107,0.9910138023144107,0.538807684443134,0.538807684443134,F3,500000,proxy,0.0031976565922837655,0.9968023434077162,0.9878448804963958,500000
z,t,4,background,0.999447594316069,0.999447594316069,0.27752592801251047,0.27752592801251047,F3,500000,gt,0.00014457891615307595,0.999855421083847,0.999303095266131,500000
z,t,4,background,0.999447594316069,0.999447594316069,0.27752592801251047,0.27752592801251047,F3,500000,proxy,0.0014014542423071864,0.9985985457576928,0.998046914245051,500000
z,t,5,all,0.9932979599415965,0.9932979599415965,0.5258784266301944,0.5258784266301944,F3,500000,gt,-0.0003585441698986714,0.9996414558301013,0.9929418187490873,500000
z,t,5,all,0.9932979599415965,0.9932979599415965,0.5258784266301944,0.5258784266301944,F3,500000,proxy,0.0035045204860126296,0.9964954795139874,0.9898169268922667,500000
z,t,5,foreground,0.9887228542812787,0.9887228542812787,0.5387465469442206,0.5387465469442206,F3,500000,gt,0.0007502119866416264,0.9992497880133584,0.9879811025445304,500000
z,t,5,foreground,0.9887228542812787,0.9887228542812787,0.5387465469442206,0.5387465469442206,F3,500000,proxy,0.0013905358396737206,0.9986094641603263,0.987347999716896,500000
z,t,5,background,0.9992309548538472,0.9992309548538472,0.274489717779608,0.274489717779608,F3,500000,gt,-0.0014769203278952178,0.9985230796721047,0.9977551703443613,500000
z,t,5,background,0.9992309548538472,0.9992309548538472,0.274489717779608,0.274489717779608,F3,500000,proxy,0.0022561167698058253,0.9977438832301941,0.9969765731396922,500000
z,t,6,all,0.9924981019435323,0.9924981019435323,0.5169059923756246,0.5169059923756246,F3,500000,gt,-0.00012775979454418947,0.9998722402054558,0.9923713005899425,500000
z,t,6,all,0.9924981019435323,0.9924981019435323,0.5169059923756246,0.5169059923756246,F3,500000,proxy,0.0051296712327219204,0.9948703287672781,0.9874069129814614,500000
z,t,6,foreground,0.9831191237328711,0.9831191237328711,0.5383685472130193,0.5383685472130193,F3,500000,gt,-0.0009694253540423507,0.9990305746459577,0.9821660631282806,500000
z,t,6,foreground,0.9831191237328711,0.9831191237328711,0.5383685472130193,0.5383685472130193,F3,500000,proxy,0.002222387686883764,0.9977776123131162,0.9809342518975472,500000
z,t,6,background,0.9989353686581856,0.9989353686581856,0.27962582718208645,0.27962582718208645,F3,500000,gt,2.1070036895968082e-05,0.999978929963104,0.9989143210531112,500000
z,t,6,background,0.9989353686581856,0.9989353686581856,0.27962582718208645,0.27962582718208645,F3,500000,proxy,-0.0011399536805102254,0.9988600463194898,0.9977966286080918,500000
z,t,7,all,0.9880768038469506,0.9880768038469506,0.5180705056812934,0.5180705056812934,F3,500000,gt,0.002526297446746286,0.9974737025532537,0.9855806279402028,500000
z,t,7,all,0.9880768038469506,0.9880768038469506,0.5180705056812934,0.5180705056812934,F3,500000,proxy,-0.0009373698888620896,0.9990626301111379,0.9871506104031414,500000
z,t,7,foreground,0.9807268337514761,0.9807268337514761,0.5277082033958819,0.5277082033958819,F3,500000,gt,-0.001973191784591476,0.9980268082154086,0.9787916716201893,500000
z,t,7,foreground,0.9807268337514761,0.9807268337514761,0.5277082033958819,0.5277082033958819,F3,500000,proxy,0.004983932800145601,0.9950160671998544,0.975838957116759,500000
z,t,7,background,0.9986686798195299,0.9986686798195299,0.2771189162108545,0.2771189162108545,F3,500000,gt,0.0025204944793844786,0.9974795055206155,0.9961515409253106,500000
z,t,7,background,0.9986686798195299,0.9986686798195299,0.2771189162108545,0.2771189162108545,F3,500000,proxy,0.0011034996409373372,0.9988965003590626,0.9975666492899337,500000
z,t,8,all,0.9869266752917897,0.9869266752917897,0.5158588433724264,0.5158588433724264,F3,500000,gt,-0.000958844597992593,0.9990411554020074,0.9859803659805714,500000
z,t,8,all,0.9869266752917897,0.9869266752917897,0.5158588433724264,0.5158588433724264,F3,500000,proxy,0.0030002072984679265,0.996999792701532,0.9839656906775266,500000
z,t,8,foreground,0.9643415482581489,0.9643415482581489,0.5373634528778504,0.5373634528778504,F3,500000,gt,0.000308782714950263,0.9996912172850497,0.9640437762567384,500000
z,t,8,foreground,0.9643415482581489,0.9643415482581489,0.5373634528778504,0.5373634528778504,F3,500000,proxy,0.005613711910091347,0.9943862880899087,0.9589280126232962,500000
z,t,8,background,0.9983443664057579,0.9983443664057579,0.2765915803527441,0.2765915803527441,F3,500000,gt,0.0039569968928586255,0.9960430031071413,0.9943939208498873,500000
z,t,8,background,0.9983443664057579,0.9983443664057579,0.2765915803527441,0.2765915803527441,F3,500000,proxy,-0.0007964950851155481,0.9992035049148844,0.9975491900246628,500000
y,y,1,all,0.9731395953334748,0.9731395953334748,0.8298944993740981,0.8298944993740981,F3,500000,gt,0.0010226525351383496,0.9989773474648617,0.9721444116592636,500000
y,y,1,all,0.9731395953334748,0.9731395953334748,0.8298944993740981,0.8298944993740981,F3,500000,proxy,-0.10582831770744822,0.8941716822925518,0.8701538690648263,500000
y,y,1,foreground,0.9500833759974224,0.9500833759974224,0.8271927949209855,0.8271927949209855,F3,500000,gt,-0.001283400527250567,0.9987165994727494,0.9488640384917353,500000
y,y,1,foreground,0.9500833759974224,0.9500833759974224,0.8271927949209855,0.8271927949209855,F3,500000,proxy,-0.10267889883375263,0.8973211011662474,0.8525298611497529,500000
y,y,1,background,0.9733917769799962,0.9733917769799962,0.7542102126246322,0.7542102126246322,F3,500000,gt,0.0012805815534902155,0.9987194184465098,0.9721452694260766,500000
y,y,1,background,0.9733917769799962,0.9733917769799962,0.7542102126246322,0.7542102126246322,F3,500000,proxy,-0.10462271867794692,0.8953772813220531,0.8715528829335912,500000
y,y,2,all,0.9043665862424729,0.9043665862424729,0.5722871675340055,0.5722871675340055,F3,500000,gt,0.0005147426235044593,0.9994852573764955,0.9039010702132606,500000
y,y,2,all,0.9043665862424729,0.9043665862424729,0.5722871675340055,0.5722871675340055,F3,500000,proxy,-0.002718745044685959,0.9972812549553141,0.9019078440675466,500000
y,y,2,foreground,0.8181093803157647,0.8181093803157647,0.580058881836014,0.580058881836014,F3,500000,gt,0.00013995961210172382,0.9998600403878983,0.817994878044239,500000
y,y,2,foreground,0.8181093803157647,0.8181093803157647,0.580058881836014,0.580058881836014,F3,500000,proxy,-0.00143577100786291,0.998564228992137,0.8169347625862466,500000
y,y,2,background,0.9157076494466867,0.9157076494466867,0.4026718112572656,0.4026718112572656,F3,500000,gt,0.001779491343784658,0.9982205086562154,0.914078155611059,500000
y,y,2,background,0.9157076494466867,0.9157076494466867,0.4026718112572656,0.4026718112572656,F3,500000,proxy,-0.0010499996993433949,0.9989500003006566,0.9147461566900812,500000
y,y,3,all,0.8199697696916138,0.8199697696916138,0.4505538323119407,0.4505538323119407,F3,500000,gt,-0.002945102470992083,0.9970548975290079,0.8175548746967563,500000
y,y,3,all,0.8199697696916138,0.8199697696916138,0.4505538323119407,0.4505538323119407,F3,500000,proxy,0.0002682426130095327,0.9997317573869905,0.8197498188580029,500000
y,y,3,foreground,0.694763452700428,0.694763452700428,0.4078943240488056,0.4078943240488056,F3,500000,gt,-0.001469831997599839,0.9985301680024001,0.693742267146886,500000
y,y,3,foreground,0.694763452700428,0.694763452700428,0.4078943240488056,0.4078943240488056,F3,500000,proxy,0.002310376984041834,0.9976896230159582,0.6931582872099555,500000
y,y,3,background,0.8516744681274816,0.8516744681274816,0.2545612420566295,0.2545612420566295,F3,500000,gt,9.353885000044794e-05,0.9999064611499996,0.8515948034771582,500000
y,y,3,background,0.8516744681274816,0.8516744681274816,0.2545612420566295,0.2545612420566295,F3,500000,proxy,0.002410260663479439,0.9975897393365205,0.8496217106588642,500000
y,y,4,all,0.7523554993880761,0.7523554993880761,0.39079945929157617,0.39079945929157617,F3,500000,gt,0.0022329514794219734,0.9977670485205781,0.7506755260626663,500000
y,y,4,all,0.7523554993880761,0.7523554993880761,0.39079945929157617,0.39079945929157617,F3,500000,proxy,0.001740344337268368,0.9982596556627317,0.7510461417551034,500000
y,y,4,foreground,0.5766183398077827,0.5766183398077827,0.35079139918691515,0.35079139918691515,F3,500000,gt,0.0003801285868995876,0.9996198714131004,0.5763991506930911,500000
y,y,4,foreground,0.5766183398077827,0.5766183398077827,0.35079139918691515,0.35079139918691515,F3,500000,proxy,-0.001065686058241701,0.9989343139417582,0.576003845682123,500000
y,y,4,background,0.7967827432007976,0.7967827432007976,0.22298647368285893,0.22298647368285893,F3,500000,gt,0.0006533459860630543,0.999346654013937,0.7962621683937631,500000
y,y,4,background,0.7967827432007976,0.7967827432007976,0.22298647368285893,0.22298647368285893,F3,500000,proxy,0.00017664039995352518,0.9998233596000464,0.7966419991783624,500000
y,y,5,all,0.6696172029971786,0.6696172029971786,0.347348753914792,0.347348753914792,F3,500000,gt,0.000640649527666117,0.9993593504723339,0.6691882130523614,500000
y,y,5,all,0.6696172029971786,0.6696172029971786,0.347348753914792,0.347348753914792,F3,500000,proxy,-0.0006234024863323077,0.9993765975136677,0.6691997619679393,500000
y,y,5,foreground,0.4395410561262329,0.4395410561262329,0.2985957155590501,0.2985957155590501,F3,500000,gt,0.00021122326591009762,0.99978877673409,0.4394482148288564,500000
y,y,5,foreground,0.4395410561262329,0.4395410561262329,0.2985957155590501,0.2985957155590501,F3,500000,proxy,-0.0016212053012365833,0.9983787946987634,0.43882846983592994,500000
y,y,5,background,0.7534942830415919,0.7534942830415919,0.2100441307459094,0.2100441307459094,F3,500000,gt,0.001049075896535397,0.9989509241034646,0.7527038103510758,500000
y,y,5,background,0.7534942830415919,0.7534942830415919,0.2100441307459094,0.2100441307459094,F3,500000,proxy,-0.0010483443979341488,0.9989516556020659,0.7527043615310899,500000
y,y,6,all,0.6473512157158914,0.6473512157158914,0.3341889933419685,0.3341889933419685,F3,500000,gt,0.0009757139965208352,0.9990242860034791,0.6467195860740526,500000
y,y,6,all,0.6473512157158914,0.6473512157158914,0.3341889933419685,0.3341889933419685,F3,500000,proxy,-0.0001090383041196222,0.9998909616958804,0.6472806296371599,500000
y,y,6,foreground,0.38271938654851384,0.38271938654851384,0.2173534794650489,0.2173534794650489,F3,500000,gt,-0.0021435770999032626,0.9978564229000967,0.3818989980358194,500000
y,y,6,foreground,0.38271938654851384,0.38271938654851384,0.2173534794650489,0.2173534794650489,F3,500000,proxy,0.0012119323128923808,0.9987880676871076,0.38225555655718535,500000
y,y,6,background,0.7198442746166097,0.7198442746166097,0.20042360006317353,0.20042360006317353,F3,500000,gt,0.001255873052560681,0.9987441269474393,0.7189402415900786,500000
y,y,6,background,0.7198442746166097,0.7198442746166097,0.20042360006317353,0.20042360006317353,F3,500000,proxy,-0.0029328652018530505,0.9970671347981469,0.7177330683928335,500000
y,y,7,all,0.5703620078454362,0.5703620078454362,0.29968781386297677,0.29968781386297677,F3,500000,gt,0.0007530327718968964,0.9992469672281031,0.5699325065616837,500000
y,y,7,all,0.5703620078454362,0.5703620078454362,0.29968781386297677,0.29968781386297677,F3,500000,proxy,-5.9728358510283595e-05,0.9999402716414897,0.570327941058951,500000
y,y,7,foreground,0.30546223194936495,0.30546223194936495,0.18432724114855278,0.18432724114855278,F3,500000,gt,-0.0012336277820663014,0.9987663722179337,0.30508540525366024,500000
y,y,7,foreground,0.30546223194936495,0.30546223194936495,0.18432724114855278,0.18432724114855278,F3,500000,proxy,-0.0001391231636794131,0.9998608768363206,0.3054197350772716,500000
y,y,7,background,0.6947871661787722,0.6947871661787722,0.19141739203247038,0.19141739203247038,F3,500000,gt,5.955379553527827e-05,0.9999404462044648,0.6947457889659371,500000
y,y,7,background,0.6947871661787722,0.6947871661787722,0.19141739203247038,0.19141739203247038,F3,500000,proxy,8.392777950811279e-05,0.9999160722204918,0.6947288542346841,500000
y,y,8,all,0.5663769584239466,0.5663769584239466,0.29322539604508563,0.29322539604508563,F3,500000,gt,-0.002987872770893264,0.9970121272291067,0.5646846961318104,500000
y,y,8,all,0.5663769584239466,0.5663769584239466,0.29322539604508563,0.29322539604508563,F3,500000,proxy,-0.0002941648142013142,0.9997058351857987,0.5662103502512039,500000
y,y,8,foreground,0.2581265565584277,0.2581265565584277,0.13526454003641689,0.13526454003641689,F3,500000,gt,-0.0009532538645784846,0.9990467461354215,0.25788049642083805,500000
y,y,8,foreground,0.2581265565584277,0.2581265565584277,0.13526454003641689,0.13526454003641689,F3,500000,proxy,-0.001576191481390426,0.9984238085186096,0.25771969967885966,500000
y,y,8,background,0.6717643647082193,0.6717643647082193,0.18672066943698984,0.18672066943698984,F3,500000,gt,0.0031082298609043406,0.9968917701390957,0.6696763666503418,500000
y,y,8,background,0.6717643647082193,0.6717643647082193,0.18672066943698984,0.18672066943698984,F3,500000,proxy,0.000904092789966972,0.999095907210033,0.6711570273895299,500000
x,x,1,all,0.9711389832013886,0.9711389832013886,0.8259199459342472,0.8259199459342472,F3,500000,gt,0.0015246123972779142,0.998475387602722,0.9696583726681198,500000
x,x,1,all,0.9711389832013886,0.9711389832013886,0.8259199459342472,0.8259199459342472,F3,500000,proxy,-0.10491766516281198,0.895082334837188,0.8692493485353117,500000
x,x,1,foreground,0.9433042171879772,0.9433042171879772,0.8261343168644905,0.8261343168644905,F3,500000,gt,-0.003247180346723147,0.9967528196532769,0.9402411382729433,500000
x,x,1,foreground,0.9433042171879772,0.9433042171879772,0.8261343168644905,0.8261343168644905,F3,500000,proxy,-0.10305074698222197,0.8969492530177781,0.846096012975276,500000
x,x,1,background,0.9728046931448304,0.9728046931448304,0.7529094304105763,0.7529094304105763,F3,500000,gt,0.001759044076530449,0.9982409559234695,0.9710934868117329,500000
x,x,1,background,0.9728046931448304,0.9728046931448304,0.7529094304105763,0.7529094304105763,F3,500000,proxy,-0.10567730373900229,0.8943226962609977,0.8700013161086373,500000
x,x,2,all,0.9047441220311638,0.9047441220311638,0.5722174685390731,0.5722174685390731,F3,500000,gt,0.00018629345215197238,0.9998137065478481,0.9045755741253565,500000
x,x,2,all,0.9047441220311638,0.9047441220311638,0.5722174685390731,0.5722174685390731,F3,500000,proxy,-0.0013089042074604952,0.9986910957925395,0.903559898643162,500000
x,x,2,foreground,0.8215304439526687,0.8215304439526687,0.5435381145558297,0.5435381145558297,F3,500000,gt,-0.0005817843876120522,0.999418215612388,0.8210524903664291,500000
x,x,2,foreground,0.8215304439526687,0.8215304439526687,0.5435381145558297,0.5435381145558297,F3,500000,proxy,-0.0014547786845638432,0.9985452213154361,0.8203352989740861,500000
x,x,2,background,0.9127399760294106,0.9127399760294106,0.40394999605968673,0.40394999605968673,F3,500000,gt,0.0020698988844965872,0.9979301011155034,0.9108506965711919,500000
x,x,2,background,0.9127399760294106,0.9127399760294106,0.40394999605968673,0.40394999605968673,F3,500000,proxy,-0.002478714456157183,0.9975212855438428,0.9104775542561139,500000
x,x,3,all,0.8241231345677151,0.8241231345677151,0.4489757666366582,0.4489757666366582,F3,500000,gt,-0.0012286035525903788,0.9987713964474096,0.8231106139568133,500000
x,x,3,all,0.8241231345677151,0.8241231345677151,0.4489757666366582,0.4489757666366582,F3,500000,proxy,0.0020965116412575177,0.9979034883587424,0.8223953508222642,500000
x,x,3,foreground,0.663725511609441,0.663725511609441,0.39383739326572037,0.39383739326572037,F3,500000,gt,0.002249336214976955,0.9977506637850231,0.6622325697793738,500000
x,x,3,foreground,0.663725511609441,0.663725511609441,0.39383739326572037,0.39383739326572037,F3,500000,proxy,0.0031351521220544494,0.9968648478779456,0.6616446311632571,500000
x,x,3,background,0.8483636322582019,0.8483636322582019,0.25305367899973524,0.25305367899973524,F3,500000,gt,0.0004227825091179533,0.999577217490882,0.8480049589531113,500000
x,x,3,background,0.8483636322582019,0.8483636322582019,0.25305367899973524,0.25305367899973524,F3,500000,proxy,-0.0014510756784693575,0.9985489243215306,0.8471325924249341,500000
x,x,4,all,0.7297109856489932,0.7297109856489932,0.3787946064077365,0.3787946064077365,F3,500000,gt,-0.0019306930812997363,0.9980693069187002,0.7283021376976522,500000
x,x,4,all,0.7297109856489932,0.7297109856489932,0.3787946064077365,0.3787946064077365,F3,500000,proxy,0.0007370575627383804,0.9992629424372617,0.7291731466484074,500000
x,x,4,foreground,0.5510395663729731,0.5510395663729731,0.3106504839915786,0.3106504839915786,F3,500000,gt,-0.0002682936177513809,0.9997317063822486,0.5508917259741868,500000
x,x,4,foreground,0.5510395663729731,0.5510395663729731,0.3106504839915786,0.3106504839915786,F3,500000,proxy,0.0015113824664317174,0.9984886175335683,0.5502067348340469,500000
x,x,4,background,0.795133436606125,0.795133436606125,0.21973132178239455,0.21973132178239455,F3,500000,gt,-0.0007554158436956778,0.9992445841563043,0.7945327802102605,500000
x,x,4,background,0.795133436606125,0.795133436606125,0.21973132178239455,0.21973132178239455,F3,500000,proxy,0.000789959686014696,0.9992100403139853,0.7945053132462039,500000
x,x,5,all,0.684540558835256,0.684540558835256,0.35660224366297716,0.35660224366297716,F3,500000,gt,-0.0006543425403292979,0.9993456574596707,0.6840926348270293,500000
x,x,5,all,0.684540558835256,0.684540558835256,0.35660224366297716,0.35660224366297716,F3,500000,proxy,0.00048639665103801673,0.999513603348962,0.6842076005999388,500000
x,x,5,foreground,0.47312723554169633,0.47312723554169633,0.28243306549258446,0.28243306549258446,F3,500000,gt,-0.00034420622311056524,0.9996557937768894,0.47296438220289977,500000
x,x,5,foreground,0.47312723554169633,0.47312723554169633,0.28243306549258446,0.28243306549258446,F3,500000,proxy,0.0009261967708338522,0.9990738032291662,0.4726890266239441,500000
x,x,5,background,0.7523079562431302,0.7523079562431302,0.2076334643125762,0.2076334643125762,F3,500000,gt,0.0006935132939056068,0.9993064867060943,0.7517862206743646,500000
x,x,5,background,0.7523079562431302,0.7523079562431302,0.2076334643125762,0.2076334643125762,F3,500000,proxy,0.0016903052442828336,0.9983096947557172,0.7510363261593768,500000
x,x,6,all,0.6302828034190869,0.6302828034190869,0.3363507560666332,0.3363507560666332,F3,500000,gt,0.00022074148116466916,0.9997792585188353,0.6301436738595075,500000
x,x,6,all,0.6302828034190869,0.6302828034190869,0.3363507560666332,0.3363507560666332,F3,500000,proxy,0.00012948826619029616,0.9998705117338097,0.6302011891916627,500000
x,x,6,foreground,0.38651778471463416,0.38651778471463416,0.22655713746792971,0.22655713746792971,F3,500000,gt,0.001798329685643051,0.9982016703143569,0.3858226983083528,500000
x,x,6,foreground,0.38651778471463416,0.38651778471463416,0.22655713746792971,0.22655713746792971,F3,500000,proxy,0.001795864794079013,0.998204135205921,0.3858236510327797,500000
x,x,6,background,0.7223290193510773,0.7223290193510773,0.19949621142092455,0.19949621142092455,F3,500000,gt,0.002089435416213658,0.9979105645837864,0.7208197595158863,500000
x,x,6,background,0.7223290193510773,0.7223290193510773,0.19949621142092455,0.19949621142092455,F3,500000,proxy,-0.001538607788332213,0.9984613922116677,0.7212176382961654,500000
x,x,7,all,0.5672150142924763,0.5672150142924763,0.309464125531173,0.309464125531173,F3,500000,gt,0.00102346274373422,0.9989765372562658,0.5666344908576613,500000
x,x,7,all,0.5672150142924763,0.5672150142924763,0.309464125531173,0.309464125531173,F3,500000,proxy,0.0027248164867953203,0.9972751835132047,0.5656694574699743,500000
x,x,7,foreground,0.3289821201662719,0.3289821201662719,0.20172841285114593,0.20172841285114593,F3,500000,gt,0.0007641699395237526,0.9992358300604762,0.3287307219194,500000
x,x,7,foreground,0.3289821201662719,0.3289821201662719,0.20172841285114593,0.20172841285114593,F3,500000,proxy,-0.00044843087652949595,0.9995515691234705,0.3288345944257632,500000
x,x,7,background,0.6986279972100425,0.6986279972100425,0.19359920085682628,0.19359920085682628,F3,500000,gt,-0.0012424396343201363,0.9987575603656799,0.6977599940966631,500000
x,x,7,background,0.6986279972100425,0.6986279972100425,0.19359920085682628,0.19359920085682628,F3,500000,proxy,-0.0015221288955202708,0.9984778711044797,0.6975645953482696,500000
x,x,8,all,0.5321689739608454,0.5321689739608454,0.27243972535177724,0.27243972535177724,F3,500000,gt,0.0009089600200355838,0.9990910399799644,0.5316852536396116,500000
x,x,8,all,0.5321689739608454,0.5321689739608454,0.27243972535177724,0.27243972535177724,F3,500000,proxy,-0.0006736263451989704,0.999326373654801,0.5318104909198879,500000
x,x,8,foreground,0.24673773334633659,0.24673773334633659,0.14443211198448033,0.14443211198448033,F3,500000,gt,0.0017112390682526074,0.9982887609317473,0.24631550609742223,500000
x,x,8,foreground,0.24673773334633659,0.24673773334633659,0.14443211198448033,0.14443211198448033,F3,500000,proxy,0.00018237762928455958,0.9998176223707155,0.24669273390347385,500000
x,x,8,background,0.6765586604123386,0.6765586604123386,0.187619334068213,0.187619334068213,F3,500000,gt,0.002046316968533857,0.9979536830314661,0.6751742069453283,500000
x,x,8,background,0.6765586604123386,0.6765586604123386,0.187619334068213,0.187619334068213,F3,500000,proxy,0.0007738153079737124,0.9992261846920263,0.6760351289641693,500000
